,title,view_count,like_count,duration,title_length,giveaway
0,Do Men Lie About Their Height?,34942466,2285770,47.0,30,0
1,"1,000 Blind People See For The First Time",115014658,8744378,481.0,41,0
2,I Survived 50 Hours In Antarctica,97698911,3995250,730.0,33,0
3,Hydraulic Press Vs Lamborghini,121314946,4551791,625.0,30,0
4,Would You Fly To Paris For A Baguette?,571877950,29276328,48.0,38,0
5,"100 Kids Vs 100 Adults For $500,000",119534614,3265379,923.0,35,1
6,Gordon Ramsay Tries Most Expensive Chocolate Bar!,137331166,8981794,41.0,49,0
7,"Last To Take Hand Off Jet, Keeps It!",93390693,3374119,937.0,36,0
8,Giving iPhones Instead Of Candy on Halloween,444698652,18438834,40.0,44,0
9,"$1 vs $1,000,000 Hotel Room!",172426574,5151239,941.0,28,1
10,"The Rock Vs MrBeast For $100,000",225125086,16631320,55.0,32,1
11,"Survive 100 Days In Circle, Win $500,000",140357983,3934579,1030.0,40,1
12,I Hunted 100 People!,77298336,2649834,743.0,20,0
13,I Survived A Plane Crash,92579841,3059173,494.0,24,0
14,"I Gave My 100,000,000th Subscriber An Island",115475969,4925237,931.0,44,0
15,"100 Girls Vs 100 Boys For $500,000",124073498,3752601,1013.0,34,1
16,I Didn’t Eat Food For 30 Days,71086159,3081651,784.0,29,0
17,I Built Willy Wonka's Chocolate Factory!,164765674,5362222,1021.0,40,0
18,"$10,000 Every Day You Survive Prison",146768719,4461607,839.0,36,1
19,"Would You Swim With Sharks For $100,000?",121503750,3495635,541.0,40,1
20,World’s Most Dangerous Escape Room!,177479509,4705608,481.0,35,0
21,"Extreme $1,000,000 Hide And Seek",83908973,3404859,729.0,32,1
22,"$1,000,000 Influencer Tournament!",69674272,2940661,725.0,33,1
23,I Got Hunted By The Military,135576551,3801031,662.0,28,0
24,"$456,000 Squid Game In Real Life!",373402278,15575469,1542.0,33,1
25,I Cleaned The World’s Dirtiest Beach #TeamSeas,89965147,5107978,295.0,46,0
26,"Last To Take Hand Off Lamborghini, Keeps It",129161115,4091404,943.0,43,0
27,"First To Rob Bank Wins $100,000",117080583,3471776,482.0,31,1
28,"Extreme $500,000 Game Of Tag!",112619125,3763819,760.0,29,1
29,"Last To Leave Circle Wins $500,000",265524223,5567110,1166.0,34,1
30,I Got Hunted By The FBI,142962194,3702615,951.0,23,0
31,"If You Can Carry $1,000,000 You Keep It!",125854838,3022504,645.0,40,1
32,"Would YOU Quit School For $100,000?",110181784,2930423,694.0,35,1
33,I Survived 50 Hours In A Maximum Security Prison,162450973,3298672,754.0,48,0
34,"Hit The Target, Win $300,000",126967546,3101741,904.0,28,1
35,Anything You Can Fit In The Triangle I’ll Pay For,128078082,2853662,968.0,49,0
36,I Got Hunted By A Real Bounty Hunter,138560118,3554208,861.0,36,0
37,"Extreme $100,000 Game of Tag!",149789411,3109790,1014.0,29,1
38,"Would You Sit In Snakes For $10,000?",202491272,4531930,849.0,36,1
39,"I Bought The World's Largest Mystery Box! ($500,000)",170603734,4264680,709.0,52,1
40,I Spent 50 Hours Buried Alive,244488704,7163421,760.0,29,0
41,"Offering People $100,000 To Quit Their Job",106658381,3030408,627.0,42,1
42,I Sold My House For $1,120783557,3461716,560.0,22,1
43,"If You Press This, I’ll Pay...",50244904,2955725,665.0,30,0
44,"I Ate $100,000 Golden Ice Cream",172405331,4763706,797.0,31,1
45,I Bought Everything In 5 Stores,122893729,4701080,854.0,31,0
46,"Youtube Rewind 2020, Thank God It's Over",66542606,4986474,391.0,40,0
47,"I Put 1,000,000,000 Christmas Lights On A House (World Record)",83513913,2610858,682.0,62,0
48,I Opened A Restaurant That Pays You To Eat At It,143560421,4549870,639.0,48,0
49,"I Gave People $1,000,000 But ONLY 1 Minute To Spend It!",144446061,5644951,858.0,55,1
50,"Steal This $100,000 Diamond, You Keep It",156867771,3172945,843.0,40,1
51,"Press This Button To Win $100,000!",226450500,3750577,911.0,34,1
52,I Survived 24 Hours Straight In Ice,122918931,3525716,694.0,35,0
53,I Uber’d People And Let Them Keep The Car,96156138,3358222,851.0,41,0
54,"$300,000 Influencer Trivia Tournament!",58233629,2160021,1445.0,38,1
55,I Filled My Brother’s House With Slime & Bought Him A New One,155388602,3427408,566.0,61,0
56,Hi Me In 5 Years,90447653,5560500,128.0,16,0
57,"Would You Rather Have A Giant Diamond or $100,000?",113568122,2383627,805.0,50,1
58,"I Gave My 40,000,000th Subscriber 40 Cars",117086605,3653036,1031.0,41,0
59,Why I Haven’t Been Uploading,47362326,2545818,382.0,28,0
60,"Get This Random Person 1,000,000 Subscribers",64238419,2317604,845.0,44,0
61,Would YOU Rather Have A Lamborghini or This House?,164712791,3451675,1102.0,50,0
62,"Last To Leave $800,000 Island Keeps It",190915365,4674413,1337.0,38,1
63,I Bought A Private Island,118536292,3425523,697.0,25,0
64,"I Spent $1,000,000 On Lottery Tickets and WON",98467756,2893367,910.0,45,1
65,I Ate The World’s Largest Slice Of Pizza,169452788,3567027,483.0,40,0
66,I Adopted EVERY Dog In A Dog Shelter,168859755,4298958,964.0,36,0
67,"I Bought The World's Largest Firework ($600,000)",170916459,4728442,669.0,48,1
68,I Broke Into A House,109927009,2963221,897.0,20,0
69,"Would You Rather Have $100,000 OR This Mystery Key?",157868388,3246623,1101.0,51,1
70,I Built The World's Largest Lego Tower,126447083,2908719,836.0,38,0
71,I Spent 50 Hours In Solitary Confinement,246656633,4194643,952.0,40,0
72,If You Click This Video I'll Give My Friend .001$,168057524,6307215,1041.0,49,1
73,"I Gave $200,000 To People Who Lost Their Jobs (Corona Virus)",41407094,1381966,919.0,60,1
74,Videos I Could Not Upload...,110161646,3328935,812.0,28,0
75,"$250,000 Influencer Rock, Paper, Scissors Tournament",46352969,1624007,1680.0,52,1
76,I Spent 24 Hours In A Doomsday Bunker,149018007,2736389,719.0,37,0
77,"Giving $1,000,000 Of Food To People In Need",44576973,1730389,749.0,43,1
78,I Ran A Marathon In The World's Largest Shoes,108440409,2851213,829.0,45,0
79,"$70,000 Extreme Hide And Seek - Challenge",107137083,2301608,1121.0,41,1
80,Anything You Can Fit In The Circle I’ll Pay For,208465664,4503223,1200.0,47,0
81,"I Ate A $70,000 Golden Pizza",192306293,3733207,790.0,28,1
82,"Lamborghini Race, Winner Keeps Lamborghini",105085010,2354226,923.0,42,0
83,I Gave My Credit Card To Random People,141925394,3523205,1008.0,38,0
84,I Went Back To Boy Scouts For A Day,98979734,2012514,818.0,35,0
85,"$60,000 Extreme Hide And Seek - Challenge",123485160,2417834,1079.0,41,1
86,"How I Gained 15,000,000 Subscribers In 1 Year",18201638,886790,394.0,45,0
87,Important Youtube Announcement (please watch),34681406,2433622,155.0,45,0
88,"Giving 10,000 Presents To Kids For Christmas",58538926,2777891,828.0,44,0
89,"Spending $1,000,000 In 24 Hours",143171356,3918506,911.0,31,1
90,"Last To Take Hand Off $1,000,000 Keeps It",112886926,3057502,925.0,41,1
91,"Last To Stop Riding Bike Wins $1,000,000 (Part 4)",53839376,1322387,705.0,49,1
92,"Last To Leave Toilet Wins $1,000,000 (Part 3)",76897445,1652272,946.0,45,1
93,I Ordered Pizza And Tipped The House,111583286,3804186,782.0,36,0
94,"Last to Stop Swinging Wins $1,000,000 (Part 2)",93355786,1934856,783.0,46,1
95,"$50,000 Game Of Extreme Hide And Seek - Challenge",123122698,2648965,903.0,49,1
96,I Opened A FREE BANK,91900672,2535145,652.0,20,0
97,"Going Around A Ferris Wheel 1,000 Times Straight",86057379,2104188,776.0,48,0
98,"Last To Fall Wins $1,000,000 (Part 1)",124925329,2693141,1017.0,37,1
99,Surviving 24 Hours Straight In The Bermuda Triangle,168302240,3445386,701.0,51,0
100,"I Spent $100,000 On Lottery Tickets And Won!",46839113,1242812,910.0,44,1
101,"Planting 20,000,000 Trees, My Biggest Project Ever!",87399877,4188855,443.0,51,0
102,"Last To Take Hand Off Boat, Keeps It",101567071,1864628,1008.0,36,0
103,"I Searched 100 Dumpsters, Here's What I Found",138527893,2356150,1029.0,45,0
104,"Going Through The Same Drive Thru 1,000 Times",200328383,4180240,938.0,45,0
105,"Donating $100,000 To Random Streamers",53256762,1677165,963.0,37,1
106,Surviving 24 Hours Straight In A Rain Forest,100996221,2160947,789.0,44,0
107,"Last To Leave Ramen Noodle Pool Wins $20,000",61254073,1387007,872.0,44,1
108,"Anything You Can Carry, I'll Pay For #2",60334567,1416078,839.0,39,0
109,"I Gave My Brother 24 Hours To Spend $100,000",74655262,2126511,788.0,44,1
110,I Opened A Free Car Dealership,113482463,3175930,999.0,30,0
111,"Last To Leave Pool Of $20,000 Keeps It",142164434,2868681,999.0,38,1
112,Surviving 24 Hours On A Deserted Island,145531615,2933825,832.0,39,0
113,"Last To Leave Roller Coaster Wins $20,000 - Challenge",118314643,2595419,917.0,53,1
114,I Won Every Prize At A Theme Park,136068755,2654043,802.0,33,0
115,Destroying My Friend's Car And Surprising Him With A New One,92335245,2511111,893.0,60,0
116,I Spent 24 Hours Straight At Area 51,121623788,3091871,923.0,36,0
117,"Can 50,000 Magnets Catch A Cannon Ball?",78767715,1693667,569.0,39,0
118,World's Largest Game Of Dodgeball,67036481,1457573,677.0,33,0
119,"Last To Leave Revolving Door Wins $50,000",127905356,3146258,824.0,41,1
120,Tipping Waitresses With Real Gold Bars,63374637,1655274,812.0,38,0
121,I Opened The World's First FREE Store,73546303,2084875,891.0,37,0
122,Spending 24 Hours On Top Of A Mountain,145566774,3026466,924.0,38,0
123,"Last To Leave VR Wins $20,000",116428893,2653174,858.0,29,1
124,"Last To Stop Running Wins $20,000",94952144,2027582,898.0,33,1
125,"Paying People $10,000 To Eat Ghost Pepper",39225048,1109145,886.0,41,1
126,24 Hours In The Most Haunted Place On Earth,85980958,2333998,907.0,43,0
127,I Bought Everything In A Store - Challenge,125824521,3857710,1016.0,42,0
128,World's Largest Bowl Of Cereal,122199717,2229145,942.0,30,0
129,Spending 24 Hours In A City With No Laws,125357456,2365485,869.0,40,0
130,"Giving $10,000 To Random People And Saying Nothing",64615798,1560050,959.0,50,1
131,Molten Lava Vs Giant Ice Block Experiment,81052256,1649684,458.0,41,0
132,"Anything You Can Carry, I'll Pay For Challenge",81064236,1658684,909.0,46,0
133,Homeless Man Buys A Lamborghini,122586751,3299202,860.0,31,0
134,Playing Battleship With Real Ships,35371783,976685,932.0,34,0
135,"Donating $100,000 To Shroud In Real Life",31623373,876615,854.0,40,1
136,"Last To Leave The Tesla, Keeps It Challenge",89750304,1680238,1109.0,43,0
137,"Donating $100,000 To Streamers With 0 Viewers",74593791,2760394,877.0,45,1
138,Surviving 24 Hours Straight In A Desert,109782758,2350264,844.0,39,0
139,"$200,000 Youtuber Battle Royale",47187635,1643303,816.0,31,1
140,Surprising Strangers With 100 Zombies - Experiment,57663831,1740360,721.0,50,0
141,I Gave A Homeless Man A Home,72210189,2073374,802.0,28,0
142,Standing Still For 24 Hours Straight - Statue Challenge,77327583,1582740,1096.0,55,0
143,Giant Monopoly Game With Real Money,85778319,1962906,943.0,35,0
144,I Spent 24 Hours Straight In Insane Asylum,104120506,2108386,956.0,42,0
145,I Advertised Pewdiepie At The Super Bowl,42108587,1255559,765.0,40,0
146,I Went Back To 1st Grade For A Day,150197722,2750098,1066.0,34,0
147,I Opened The World’s Cheapest Store,40690941,1145182,919.0,35,0
148,I Put 10 Million Legos in Friend's House,67010000,1267142,917.0,40,0
149,Make This Video The Most Liked Video On Youtube,120074967,24369082,791.0,47,0
150,"20,000 Magnets Vs A Car",32135736,757608,723.0,23,0
151,"Eating A $10,000 Golden Steak (24k Gold)",115615788,1975472,990.0,40,1
152,Last To Take Hand Off House Keeps It!,69462477,1343109,1050.0,37,0
153,"I Gave Him One Hour To Spend $100,000!",69094674,1424575,830.0,38,1
154,"How I Gave Away $1,000,000",14286075,491711,914.0,26,1
155,"Giving $100,000 To A Homeless Person",30770307,1022865,884.0,36,1
156,I Spent 24 Hours Straight In Prison - Challenge,98038882,1881282,892.0,47,0
157,Donating $10000 To Pewdiepie,46164241,1727839,915.0,28,1
158,"Last Youtuber To Leave Wins $100,000 - Challenge",82320791,1972896,1479.0,48,1
159,I Put Millions Of Pennies In My Friends Backyard,111449756,2109652,881.0,48,0
160,Surprising TFue With A Fortnite Battle Bus In Real Life,97857043,1853751,865.0,55,0
161,I Built A Giant House Using Only Legos,62908589,1036240,829.0,38,0
162,"Last To Leave Slime Pit Wins $20,000 - Challenge",102237674,1890718,1088.0,48,1
163,"Saying Pewdiepie 100,000 Times",25075761,1670006,42520.0,30,0
164,Destroyed Friend's House And Bought Him A New One,42096169,1115043,878.0,49,0
165,I Put 100 Million Orbeez In My Friend's Backyard,180837067,4563027,885.0,48,0
166,"Spending $40,000 In One Hour Challenge",43504777,925186,843.0,38,1
167,"Giving My 10,000,000th Subscriber 10,000,000 ___",26248909,735723,1099.0,48,0
168,"$10,000 Games Of Rock Paper Scissors",18104442,512080,787.0,36,1
169,"Last To Remove Hand, Gets Lamborghini Challenge",75277732,1492257,1187.0,47,0
170,"You Pick The Right Cup, You Win $100,000!",35769317,980361,1055.0,41,1
171,I Bought Every Billboard In My City For This,38106372,1326463,931.0,44,0
172,"Ordering Water Then Tipping $30,000",42786718,1147458,723.0,35,1
173,"I Spent $50,000 On Lottery Tickets And Won ____",30727615,747424,1014.0,47,1
174,"Last To Leave Circle Wins $10,000 - Challenge",82483515,1432660,996.0,45,1
175,I Spent 24 Hours Straight In Slime,40420404,910484,878.0,34,0
176,"Surprising Tfue With $10,000 Live - Fortnite",70272465,1490456,923.0,44,1
177,"I Spent $30,000 On Lottery Tickets And Won ____",16907400,423833,1052.0,47,1
178,Flat Earth PROVEN By Independent Research,27226927,785620,712.0,41,0
179,Things That SHOULDN'T Be Sold On Amazon,111025019,1767252,846.0,39,0
180,"Surprising My 8,000,000th Subscriber With 8,000,000 ___",28212596,503442,1132.0,55,0
181,"I Donated $25,000 To Random Kids Streaming Fortnite",62469550,1289429,1057.0,51,1
182,I Hope This Magic Trick Works,42352743,719439,982.0,29,0
183,Can A Glowing 1000 Degree Sword Slice A Car In Half?,67418463,1126079,613.0,52,0
184,Rocket League In Real Life!,27985512,540830,775.0,27,0
185,Destroying My Friend's Car And Surprising Him With A New One - Slime,96738318,2160846,971.0,68,0
186,Spending 24 Hours Straight Under Water Challenge,108886200,2840576,911.0,48,0
187,"Attempting The Impossible Maze - $10,000 Challenge",55195811,1007923,1187.0,50,1
188,"Donating $100,000 To A Random Fortnite Streamer",51312852,1088890,1382.0,47,1
189,Moving 10 Pounds Using ONLY Sound,44075994,1200628,826.0,33,0
190,Returning Destroyed Rental Cars Prank,35742719,606794,630.0,37,0
191,"I Gave My 6,000,000th Subscriber 6,000,000 ____",17426597,396050,1113.0,47,0
192,"Can 1,000 Fans At Max Speed Push A Car?",27636996,613423,743.0,39,0
193,"I Donated $50,000 To Ninja - Fortnite",95245775,2125357,1322.0,37,1
194,I Ubered Random People In A Tank,29427810,866686,604.0,32,0
195,World's Hottest Substance Vs Coldest Substance,85582795,1587486,712.0,46,0
196,The Real Way Dinosaurs Went Extinct,27006642,752581,351.0,35,0
197,I Donated $1000 Every Time She Blinked - Fortnite Streamers,21159402,635087,946.0,59,1
198,I Built A Working Car Using Only LEGOS,72255833,1649189,750.0,38,0
199,Do Water Repellent Shoes Actually Work?,106956451,1591867,699.0,39,0
200,"We Drove 3,000 Miles For The World's Best Burger",51565655,1201796,926.0,48,0
201,"I Gave My 5,000,000th Subscriber 5,000,000 ______",11111458,293578,691.0,49,0
202,I Made Money Grow On Trees,17003868,433138,634.0,26,0
203,I Took Apart My Friends Car And Put It In His Room,15498331,312303,734.0,50,0
204,How Many Rubber Bands Does It Take To Snap A Safe?,36403906,909281,616.0,50,0
205,Pulling Cars Over Using A Toy Police Car,24227304,544742,816.0,40,0
206,"I Gave $500,000 To Random People",14678286,448918,903.0,32,1
207,How Many Toy Cars Does It Take To Pull A Real Car?,39980556,754674,708.0,50,0
208,"I Gave $20,000 To People From An Ice Cream Truck",14547504,346887,822.0,48,1
209,$10000 Ice Sculpture Vs Flame,23208126,500956,909.0,29,1
210,"Can 1,000 Rolls Of Duct Tape Stop A Car??",26312968,544486,623.0,41,0
211,Winning A Game Of Fortnite In The Middle Of The Ocean,30904653,785098,615.0,53,0
212,I Flew Using Only Balloons AND Leaf Blowers,32154036,654198,678.0,43,0
213,"I Donated $40,000 To A Random Twitch Fortnite Streamer (world record)",23992898,623863,1483.0,69,1
214,Destroying My Friend's Car And Surprising Him With A New One,38211768,622714,912.0,60,0
215,Walking Up To Random People With 100 StormTroopers,18776910,490075,604.0,50,0
216,"I Donated $10,000 If They Said This Word (Twitch Streamers)",19885258,556470,785.0,59,1
217,"Giving My 4,000,000th Subscriber 4,000,000 Cookies",13076774,344396,641.0,50,0
218,"I Tipped Waitresses $20,000",14495470,350866,744.0,27,1
219,Walking Into Random Stores With 100 Dinosaurs,31956979,883484,612.0,45,0
220,I Built A Mansion Using Only Cardboard Boxes,25188813,570167,430.0,44,0
221,Breaking Glass Using Only Megaphones,53296112,1409932,552.0,36,0
222,Tying My Shoes In Every State (World Record),17510270,439802,910.0,44,0
223,"I Dropped $20,000 From A Drone",7680192,248692,711.0,30,1
224,"Donating $10,000 To Fortnite Streamers If They Win",11273738,274350,966.0,50,1
225,Trying To Fly Using Only Leaf Blowers,18166183,430174,790.0,37,0
226,"Giving 3,000,000 Pennies To My 3,000,000th Subscriber",8638112,233617,610.0,53,0
227,"I Donated $30,000 To My Favorite Twitch Streamer (ninja)",36564233,864208,677.0,56,1
228,"I Gave $20,000 To Random Homeless People",46950969,1322257,656.0,40,1
229,I Bought An Expensive Car Using Only $1 Bills,36877185,1076577,629.0,45,1
230,I Bought The World's Most Expensive Apps ($10k),26807158,768337,644.0,47,1
231,We Delivered 100 Pizzas To Random Houses,9058763,228113,603.0,40,0
232,"I Donated $30,000 To A Random Twitch Streamer (world record)",32578760,1057215,1106.0,60,1
233,I Bought A Car Using Only Pennies,26241147,721149,728.0,33,0
234,I Bought One Snickers Bar From Every Walmart,43778633,1119076,640.0,44,0
235,Donating Big Donations To Twitch Streamers!!!,27425750,580407,1161.0,45,0
236,How Many Balloons Does It Take To Float?,25664134,582248,661.0,40,0
237,"Can 10,000 Condoms Stop A Bullet?",12964534,499334,498.0,33,0
238,I Can't Believe I Found This Stuff On Amazon..,30307588,1196450,501.0,46,0
239,"Saying ""Keep Net Neutrality"" For 10 Hours",2079011,78560,36002.0,41,0
240,I Cant Believe What Was In This Abandoned Storage Unit..,24315461,882974,645.0,56,0
241,What Can You Cut With Paper?,28522189,723482,602.0,28,0
242,Life Hacks You Need To Know,7254650,202097,604.0,27,0
243,"Can 100,000 Pieces Of Paper Stop A Bullet?",25778253,485912,759.0,42,0
244,"Giving My Mom $100,000 (Proudest Day Of My Life)",30195619,1486230,745.0,48,1
245,I Bought An Abandoned Storage Unit And Found This..,34902612,623855,729.0,51,0
246,"2,256 Miles In One Uber Ride (World Record)",41612339,1085199,616.0,43,0
247,i'm really sorry,5552386,199588,207.0,16,0
248,Hi Me In Two Years (Made Two Years Ago),13391791,602388,110.0,39,0
249,What Actually Happens When You Click On Spam Ads,3765961,153822,227.0,48,0
250,"Tipping Uber Drivers $10,000",4559732,126701,757.0,28,1
251,Going To The Connor McGregor fight!,5987990,230856,342.0,35,0
252,"Tipping Pizza Delivery Guys $10,000",21959010,691009,769.0,35,1
253,"Microwaving my iPhone, what happens next might shock you..",2677548,123037,366.0,58,0
254,"Saying Logan Paul 100,000 Times",22293700,899180,61567.0,31,0
255,"Donating $10,000 To Random Twitch Streamers",10732534,225869,972.0,43,1
256,Breaking The Law,31205057,812202,237.0,16,0
257,"Giving Homeless People $1,000 (Not Clickbait)",6393578,223623,527.0,45,1
258,We Are Better Than Dude Perfect,25252330,648508,157.0,31,0
259,Every Challenge I've Ever Done,832376,27455,85686.0,30,0
260,Watching It's Everyday Bro For 10 Hours Straight,27351084,808495,36011.0,48,0
261,"Giving A Random Homeless Man $10,000",10478809,526923,602.0,36,1
262,Toothpaste Life Hacks YOU SHOULD KNOW,19665117,506900,283.0,37,0
263,"Reading The Longest English Word (190,000 Characters)",34444197,795880,6889.0,53,0
264,Fidget Spinner Vs Face (Legit Had To Get Stitches),39737628,1548561,427.0,50,0
265,Grilling A Microwave Microwaving A Microwave Microwaving A Toaster Toasting An Iphone Watching Micro,1954458,68720,188.0,100,0
266,#1 MOST INSANE MAGNET LIFE HACK EVER,26138362,530368,323.0,36,0
267,Watching Dance Till You're Dead For 10 Hours,51665938,2541807,36001.0,44,0
268,I Can't Break My Strange Addiction,1785125,93325,285.0,34,0
269,OMG! INSANE CUP FORT,4058212,95841,309.0,20,0
270,Savage Level 9000,7162541,319433,121.0,17,0
271,Reading The Youtube Terms Of Service,492785,18386,1557.0,36,0
272,Reacting To The Reaction Of The Reaction To The Reaction Of The Reaction Of The Reaction To The Reac,7575548,323826,2009.0,100,0
273,"Counting To 200,000 (Road To A Mil)",3627008,144472,84878.0,35,0
274,Microwaving Dry Ice (Microwave Explodes),3275435,96153,363.0,40,0
275,"I Counted To 100,000!",27479467,1323075,85687.0,21,0
276,we are number one but every one is a bad intro,1936484,56079,221.0,46,0
277,Microwaving A Microwave Microwaving A Toaster,4816289,86776,860.0,45,0
278,HOW TO UNLOCK ANY IPHONE WITHOUT THE PASSCODE,22835506,585771,531.0,45,0
279,WHY DO THEY SELL THIS ON AMAZON?,8615679,724192,612.0,32,0
280,Microwaving A Microwave,11156560,428677,604.0,23,0
281,IF YOU ONLY SEE ORANGE YOU'RE COLOR BLIND,1753688,92941,233.0,41,0
282,I Mailed Myself IN A BOX & it REALLY WORKED! (Human Mail Challenge),16027079,451129,341.0,67,0
283,STUPIDEST PERSN ON EART (Really Dumb),2482871,186407,326.0,37,0
284,"Reading The Entire Bee Movie Script But Everytime They Say ""Bee"" I Repeat All the Previous Bees",10759669,216012,5459.0,95,0
285,THE WORST THINGS EVER TO EXIST,3681928,330502,318.0,30,0
286,BLOWING UP $1000 KEYBOARD *RIP WALLET*,3820435,229742,316.0,38,1
287,MY $1000 KEYBOARD CHANGED MY LIFE,13343243,359094,213.0,33,1
288,I BOUGHT A 1000$ KEYBOARD,1524825,36766,381.0,25,1
289,IF ONLINE ADS WERE REAL,9810669,587430,276.0,23,0
290,IT FINALLY CAME IN THE MAIL,260043,9555,333.0,27,0
291,Bleach Bottle Flips (COP CALLED),1185673,54896,283.0,32,0
292,Hi Me In A Year (Scheduled Uploaded A Year Ago),1375783,46679,119.0,47,0
293,Epic New Gaming And Youtube Setup 2016,356144,13350,300.0,38,0
294,24 HOUR EXPLOSION GIVEAWAY! WIN GIFTCARDS,636347,29634,86402.0,41,0
295,LISTENING TO OLD VOICEMAILS FOR THE FIRST TIME,280867,9733,313.0,46,0
296,GAMBLING MONEY WITH SCRATCH OFF TICKETS,2990796,58422,476.0,39,0
297,BEST WALMART TOILET PAPER FORT,1433137,50704,256.0,30,0
298,100 LAYERS OF SARAN WRAP + TOILET PAPER!!,3178044,136550,483.0,41,0
299,WORST REVIEWS ON AMAZON #4 *FUNNY*,1634848,126328,259.0,34,0
300,HOW MUCH MONEY DO YOUTUBERS MAKE?,3045463,152459,205.0,33,0
301,THE WORST SONG ON YOUTUBE *CRINGE*,781168,41024,248.0,34,0
302,SURPRISING MY BROTHER WITH A LAPTOP,1597603,114014,176.0,35,0
303,"SELLING ORGANS FOR $1,000,000",3521203,122286,335.0,29,1
304,POKEMON GO STEREOTYPES,2175223,63357,207.0,22,0
305,"100,000 SUBSCRIBERS.EXE",1025922,61804,266.0,23,0
306,WORST REVIEWS ON AMAZON #2 HOW IS THIS LEGAL?,1160686,46011,290.0,45,0
307,BLOWING UP MY TABLET,144442,6592,164.0,20,0
308,Worst Reviews On Amazon #1 (Minecraft Edition),694976,16951,256.0,46,0
309,WORST THUMBNAILS ON YOUTUBE #3,782678,32675,184.0,30,0
310,REACTING TO MY OLD MINECRAFT VIDEOS (HORRIBLE),1283142,35057,545.0,46,0
311,HOW TO MAKE A GOOD INTRO FOR YOUTUBE,163480,5512,184.0,36,0
312,WORST BANNERS ON YOUTUBE #1,630586,17686,255.0,27,0
313,"50,000 Subscribers.exe",320716,14671,215.0,22,0
314,Dude Perfect 4.0 - We Are Totally Better,393044,12323,222.0,40,0
315,CUTTING TABLE IN HALF WITH PLASTIC KNIVES,3625935,164356,245.0,41,0
316,BEST INTROS ON YOUTUBE #1,27063406,795923,339.0,25,0
317,Motivation For Youtubers #6 LAST ONE,108833,4884,179.0,36,0
318,How Many Licks Does It Take To Get To The Center Of A Tootsie Pop?,349978,11373,757.0,66,0
319,Motivation For Youtubers #5,135640,7112,148.0,27,0
320,18th Birthday QNA - Mom's Hair Dryer Age?,303416,13035,249.0,41,0
321,WORST MEMES AND TRENDS ON YOUTUBE!,610253,12270,241.0,34,0
322,Cereal Commentary,101405,3958,339.0,17,0
323,WHERE IS MY COOKIE?????,72331,7036,162.0,23,0
324,"How Much Money Do Big Youtubers Make? (Pewdiepie, Markiplier, etc)",83277,3744,228.0,66,0
325,Struggles Of Being A Youtuber,89783,3829,194.0,29,0
326,Reenacting Youtubers,133063,5966,221.0,20,0
327,Life Before And After Gamma (Insane) @GFuelEnergy,30795,1343,179.0,49,0
328,Worst Thumbnails On Youtube #2 - Cringe,258719,9628,149.0,39,0
329,Motivation For Small Youtubers #4 - Inspiration For Youtubers,105403,5918,190.0,61,0
330,Scheduled Uploaded 6 Months Ago (REACTION),107101,4247,324.0,42,0
331,Dude Perfect 3.0 - We Are Better,647434,20578,193.0,32,0
332,Dear Future Me (Scheduled Uploaded 6 Months Ago),1930962,121976,145.0,48,0
333,$100 GIVEAWAY PRANK (NO WEAPONS INVOLVED),43105,1337,291.0,41,1
334,GIVING AWAY $100 ITUNES GIFT CARDS,87828,3050,130.0,34,1
335,Walking Dead Daryl DIED (Fan Reaction To Death),113674,2872,43.0,47,0
336,Why Do Youtubers Ask For Likes?,150673,11008,206.0,31,0
337,Making My Background More Epic,35490,1742,208.0,30,0
338,Doing Youtube For Fun Or Views?,35955,1808,225.0,31,0
339,Pranks That Went Horribly Wrong,2016509,88933,274.0,31,0
340,Who Founded Faze? Who Created Faze Clan?,1995495,72686,325.0,40,0
341,Subscriber Goals For 2017,54653,2226,234.0,25,0
342,"20,000",118107,4394,256.0,6,0
343,The Dreaded Unanswerable Question,78979,2807,270.0,33,0
344,WORST THUMBNAILS ON YOUTUBE,526790,22808,175.0,27,0
345,Beast Goes Camping (Didn't Go Wrong) (Didn't Go Sexual),101814,3210,285.0,55,0
346,NBA Interviews Gone Wrong (No Gun Pulled),40818,1492,154.0,41,0
347,Movie Trailers Be Like,72576,3571,102.0,22,0
348,What Is Youtube Red? Should I Buy Youtube Red?,75395,3131,279.0,46,0
349,Things I Hate #2 - Youtube Edition,139713,6756,268.0,34,0
350,Super Bowl Commercial 2016 Cost - How Much Does A Commercial Cost In 2016 Super Bowl?,65092,2021,177.0,85,0
351,Counting To 10000 In One Sitting,57156072,683546,12581.0,32,0
352,HOW TO MAKE A VIRAL PRANK VIDEO 100% LEGIT,107094,4844,146.0,42,0
353,Is Obama Dead? Dumb Google Searches!,208471,4353,324.0,36,0
354,How To Be MrBeast (Made By Really Old Subscriber),52266,2488,321.0,49,0
355,Should You Play Video Games?,66732,3648,179.0,28,0
356,School Is A Waste Of Time,105588,5053,174.0,25,0
357,Is Michael Bay My Dad????????,56642,1954,106.0,29,0
358,Lottery Taxes - How Much Tax Is If You Win The Lottery,111136,3066,220.0,54,0
359,Motivation For Small Youtubers #3,137438,7781,211.0,33,0
360,Giving Away Two $15 Gift Cards (forgive me boyz),34747,2210,191.0,48,1
361,Do Dislikes Matter On Youtube - Are Dislikes Bad Or Good?,348836,22957,264.0,57,0
362,How To Get Active Subscribers On Youtube? Tips 2016,64010,3463,345.0,51,0
363,Reaction Channels Are Stupid??????? #JCTG,47434,1608,194.0,41,0
364,Goodbye Laptop,130893,5997,136.0,14,0
365,2015 Year Highlights,43760,1786,243.0,20,0
366,MrBeast Rest In Pepperoni 6000,198816,5292,184.0,30,0
367,How To Think Of Good Video Ideas (Tips),88110,6139,373.0,39,0
368,"15,000 Subscribers Speedart!",67969,2828,89.0,28,0
369,Whats That Song Name?,174971,7088,112.0,21,0
370,The Anti-Beast (R.I.P. Beast),438729,15545,159.0,29,0
371,"Reacting To Family Accounts (MamaBeast, MrBeast'sLaptop, Etc)",909010,19895,595.0,61,0
372,Do Youtubers Pay Taxes????? (USA),82963,3648,391.0,33,0
373,Why Does This Video Have No Thumbnail?,62259,3164,181.0,38,0
374,How To Make Illuminati Confirmed Videos Like Peladophobian,167168,3910,254.0,58,0
375,Totally 100% Real Epic Ping Pong Trickshots,55662,3341,81.0,43,0
376,Exams Be Like,215423,8378,262.0,13,0
377,How Many People Have A Silver Play Button????,183322,6785,213.0,45,0
378,How To Get More Views And Subscribers On Youtube (2016),51446,2708,210.0,55,0
379,Should You Do COD Commentaries In 2016????,36115,1082,227.0,42,0
380,THINGS I HATE #1,342794,12848,225.0,16,0
381,Worst MrBeast6000 Intros?? (Fan Made!),455612,12675,153.0,38,0
382,Dear Razer Can I Have My 70$ Back?????,7512760,352849,179.0,38,1
383,"How Many People Get The Golden Play Button? (1,000,000 Subscribers)",95609,2819,180.0,67,0
384,"Spam404 Has Terminated 5,000,000 Videos (Including Pewdiepie)",92698,2385,143.0,61,0
385,MrBeast6000's First Video (So Bad lol),13112467,519722,187.0,38,0
386,The Evolution Of My Youtube Banners,50329,1801,59.0,35,0
387,"Shark Tank Most Successful Products, Entrepreneurs, Or Businesses 2015",131811,1044,294.0,70,0
388,PSYCHO FRIEND SMASHES MY LAPTOP! (Mc Juggernuggets Parody),206171,9147,92.0,58,0
389,FREE TO USE BO3 GAMEPLAY - 1080p,40122,1506,165.0,32,0
390,Double Agent (Short Film),100042,4368,470.0,25,0
391,YOU ONLY DO YOUTUBE FOR VIEWS,49427,2703,334.0,29,0
392,"10,000 QNA With MUM",234564,11239,235.0,19,0
393,Why I Stopped Playing Video Games - Video Game Commentary,45039,1343,284.0,57,0
394,Beast's Room Tour,217484,9055,222.0,17,0
395,YOUTUBE RED STEALS CONTENT CREATORS MONEY? What Is Youtube Red?,35962,1902,326.0,63,0
396,Millions Of Views!,428119,15693,227.0,18,0
397,"How To Get 1,000 Subscribers On Youtube - Vlogs Gaming",67541,3559,214.0,54,0
398,High School Education Be Like (Paying Taxes),35046,1422,166.0,44,0
399,I Got Bored Of Studying So This Happened,358015,12431,129.0,40,0
400,Best Microphone For Youtube (Gaming Commentaries Vocals Singing Podcast),33217,1315,217.0,72,0
401,9k Subs - Channel Talk,71210,2817,275.0,22,0
402,How Much Money Does Bill Gates Make / Have - Billionaire,78415,2811,244.0,56,0
403,MrBeast6000's Channel Trailer,1532129,124780,115.0,29,0
404,Best Non-Copyrighted Songs For Videos! (Intros Vlogs Gaming Trailers) 2016,62399,2104,179.0,74,0
405,Is Being A Youtuber Hard? Is Being A Youtuber Worth It?,67298,3290,321.0,55,0
406,Best Green Screen Lighting Ever? (Joking Obviously),220068,6502,207.0,51,0
407,How Do Youtubers Make Money? How Do Youtubers Get Paid?,67067,2617,366.0,55,0
408,Increase Youtube Views 2015! COMMUNITY CHANNELS - Boosting Youtube Views,28535,1034,232.0,72,0
409,Originality - A Youtube Poem By MrBeast6000,31793,1453,108.0,43,0
410,Stupid Things People Search On Google,1349816,73097,369.0,37,0
411,"Ad Blocker For Chrome and Mobile, Should You Use It?",69576,2837,315.0,52,0
412,PC Master Race Vs Console Peasants,38674,2039,119.0,34,0
413,Shia Labeouf Motivates Youtubers!,169073,5824,88.0,33,0
414,Knives In Video Games Cost More Than Real Life????,41937,1576,223.0,50,0
415,"Why I Sold My PS4, Not A Gaming Channel???",37903,1712,246.0,42,0
416,Selling PS4 For $250 + Elgato For $100!,33044,1129,158.0,39,1
417,Do Tags Do Anything On Youtube?????,81587,3791,217.0,35,0
418,Bronze And Platinum Play Buttons?????,636404,20450,263.0,37,0
419,7k SUBS! Smashing Ghost + AW! Plus Channel Talk!,51241,2464,298.0,48,0
420,Exility vs Dr.Pineapplez - Misleading Contest!,39021,4144,259.0,46,0
421,6 Uses For Your Advanced Warfare Disk!,27762,1156,65.0,38,0
422,MrBeast’s Outro Song,8079170,373959,131.0,20,0
423,Watching Video Games Is A Waste Of Time????,27778,1017,250.0,43,0
424,"Pewdiepie's Shoutout, What Would You Do If You Won?",36128,1777,278.0,51,0
425,How I Will Survive The Zombie Apocalypse!,199118,6206,361.0,41,0
426,How Much Money Do Youtubers Make? Real Numbers!,197457,6247,194.0,47,0
427,HONEST Shout Out Sunday! Free Subscribers!,29021,1022,210.0,42,0
428,Social Media As A Job????,27778,1139,189.0,25,0
429,Airplane Pilots Last Words Before Death,98095,2034,149.0,39,0
430,How Much Do T.V. Commercials Cost?????,28319,897,209.0,38,0
431,How To Tweet When You're Dead! DEADSOCIAL Facebook And Instagram Also!,28737,1145,269.0,70,0
432,My Favorite FaZe Clan Members?????,35563,1534,234.0,34,0
433,MrBeast6000Subs,349535,22361,332.0,15,0
434,"Youtube Networking - Aka Fake Likes, Subs, And Comments",28389,1611,268.0,55,0
435,I Hate Youtubers That Ask For Likes,137062,8453,256.0,35,0
436,My Mom Found My Channel!! :0,633398,23412,272.0,28,0
437,1080p FREE TO USE BLACK OPS 3 GAMEPLAY,55238,1410,143.0,38,0
438,"Black Ops 3 First Impressions, My First Game",27979,926,221.0,44,0
439,Dogs Opinions On Youtubers Getting BO3 Early,53718,2033,76.0,44,0
440,BO3,556098,17650,221.0,3,0
441,Xbox One Destroyer? COD Advertisement Is Free,27882,982,248.0,45,0
442,What Is Yanet Actually Thinking?????,107705,2321,189.0,36,0
443,Modern Art Is A Joke,42408,1648,176.0,20,0
444,5 Steps To Becoming Successful On Youtube!,50684,2411,193.0,42,0
445,Time,50997,1487,141.0,4,0
446,Beast $500ish Youtube PC Great For Making Videos!,50734,1153,244.0,49,1
447,"5,000 Hype",96254,2504,185.0,10,0
448,What Is Crohns Disease?????,167134,4972,261.0,27,0
449,Leaving For 7 Days,34595,1045,431.0,18,0
450,Motivation For Youtube - Ultimate Small Youtuber Motivation #2,110384,4855,209.0,62,0
451,Should I Buy An Elgato Game Capture??,28229,935,177.0,37,0
452,Fanboy Opinions On Black Ops 3,27788,731,236.0,30,0
453,Big Channel's Starting Over???,27762,753,199.0,30,0
454,SAT And Some Random Stuff,29907,964,206.0,25,0
455,How Many Youtubers Are Millionaires???,66924,1327,169.0,38,0
456,Always Changing My Name? Mr.Beast or MrBeast6000,134546,3600,161.0,48,0
457,How Much Youtube Money Do I Make???,341963,8567,148.0,35,0
458,Am I Ian From Smosh????,511491,8317,138.0,23,0
459,How Do You Turn Off A PS4? Xbox Noob In Need Of Help,66467,1561,72.0,52,0
460,"New Optic Gaming Gear Coming To Advanced Warfare, My Thoughts",28519,960,151.0,61,0
461,Youtube Collabs? Collabbing with Mr.Beast?,64522,1560,213.0,42,0
462,Sacrifices And Youtube,28198,1457,219.0,22,0
463,5$ To Advertise Your Youtube Channel???,108066,2363,121.0,39,1
464,Reuploading Other Youtubers Videos? Stealing Big Youtubers Videos.,32603,798,254.0,66,0
465,4k Subscriber's! First Channel Story!,66375,2350,314.0,37,0
466,People Who Got Rich From Movie Trailers On Youtube,67087,1248,206.0,50,0
467,Beast Gaming Set Up #almost4k,55896,1870,151.0,29,0
468,Advanced Warfare DLC 4 Honest Parody,27828,961,157.0,36,0
469,World's Worst Thieves,59639,1613,209.0,21,0
470,VANOSSGAMING IS IN TROUBLE,210406,3481,173.0,26,0
471,SpiderMan Robs Walmart?????,27853,849,187.0,27,0
472,My Upload For ThunderstruckGaming,27782,750,220.0,33,0
473,Best FNAF 4 Fake Reactions! So Funny lol,64715,2159,147.0,40,0
474,How Many People Get The Diamond Play Button?????,1741371,17537,236.0,48,0
475,Supply Drops For Charity! Ep #2,28447,1265,302.0,31,0
476,Best Thing To Happen To This Channel?????,28737,1036,88.0,41,0
477,Supply Drop Challenge For Charity,28320,1325,295.0,33,0
478,FaZe Clan Vs Pewdiepie Who Would Win?????,39297,919,171.0,41,0
479,"FaZe Adapt ""Stuttertage""",80748,2725,284.0,24,0
480,The COD Community? Sleeping With Your Mom?,27756,1034,183.0,42,0
481,Exility And Some Other Stuff - Update Vid,43566,11132,285.0,41,0
482,Every Minecraft Let's Play Ever In Under A Minute,81145,2796,60.0,49,0
483,Why I deleted Today's First Upload,41648,1165,115.0,34,0
484,What Is Spam404?????,34358,823,311.0,20,0
485,The History Of Pewdiepie In 2 Minutes,176269,5921,126.0,37,0
486,TWITCH STREAMERS REACT TO RECEIVING THOUSANDS FROM SAME GUY!,195937,1887,452.0,60,0
487,I Hate Spam On Youtube,27770,995,189.0,22,0
488,INSANE TRIPLE LEGENDARY SUPPLY DROP! BEST OPENING YET?,40277,0,209.0,54,0
489,Low Bridge Causes Dozen's Of Wrecks! 11-8 Bridge,28355,1240,223.0,48,0
490,3k HYPE,93307,3255,203.0,7,0
491,How To Become A Gaming Youtuber! All You Need To Know!,28358,1113,422.0,54,0
492,My Solution For The Theft At The FaZe House - @FaZe_Rain @FaZeAdapt,27776,641,187.0,67,0
493,5 Popular Channels That Were Terminated,124494,4359,300.0,39,0
494,What Is Youtube Terms Of Service?????,33789,867,249.0,37,0
495,Do You Think You Will Be Famous?????,85854,2374,224.0,36,0
496,What Is Swatting? Why I hate It!,67604,2041,259.0,32,0
497,Reddit Is In Chaos After Firing Victoria,29866,653,106.0,40,0
498,Paid Promotion On Youtube Good?,33894,742,439.0,31,0
499,How To Gain Youtube Success,52771,2146,162.0,27,0
500,FaZe Members Reaction's To Joining Faze,549232,13045,191.0,39,0
501,Battle of The Beasts Round 2 Winners!,28574,811,847.0,37,0
502,Youtube In 10 Years?????,111410,3225,188.0,24,0
503,The Ultimate Motivation For Small Youtubers,212624,11355,164.0,43,0
504,How Much Does Pewdiepie Make?,120953,2042,233.0,29,0
505,Random Stuff You Don't Care About,28835,1191,142.0,33,0
506,Battle Of The Beast Round 1 Winners!,27807,779,553.0,36,0
507,The Truth About Big Community Channels,28744,1160,273.0,38,0
508,WORLD'S FIRST BLACK OPS 3 GUN SYNC!!,41621,1163,81.0,36,0
509,Insane Gun Sync - 7 Hours To Make,27963,1192,134.0,33,0
510,Battle of The Beasts Bracket!!!! (Not accepting anymore),28526,778,98.0,56,0
511,Free To Use Advanced Warfare Gameplay! 2015,28619,860,125.0,43,0
512,Battle Of The Beast Tournament UPDATE!,28958,1089,152.0,38,0
513,My Top 5 Favorite Things At E3 2015,28624,998,150.0,35,0
514,Battle Of The Beasts (youtubers needed),28089,746,183.0,39,0
515,History Of COD Part 2! Black Ops 1 - History Of COD On Youtube!,29119,784,946.0,63,0
516,How Did Notch Become A Billionaire? How Much Did Minecraft Sell For?????,67182,1925,216.0,72,0
517,Top 10 Richest Gaming Youtubers?????,120613,4341,245.0,36,0
518,Markiplier Is A Great Man! Sub shodleech!,113808,1616,123.0,41,0
519,Insane Advanced Warfare Hacker!,28835,911,134.0,31,0
520,"What Is Considered A ""Bad Video"" On Youtube????? #karnageRC",38130,924,252.0,59,0
521,I Think I Am Going For The #KarnageRC,28012,939,232.0,37,0
522,Every FaZe Video Ever #karnageRC,29093,944,197.0,32,0
523,How Much Money Do You Make As An Uber Driver??????,27751,569,304.0,50,0
524,How Much Does Faze Rain's Giveaway Cost??????,27828,755,73.0,45,0
525,MY MESSAGE TO COD YOUTUBERS (Watch till end plz),28859,819,292.0,48,0
526,Best Of FlipArtz - His Best Advanced Supply Drops EVER!,48447,812,640.0,55,0
527,Summer Is Finally Here!,29001,724,146.0,23,0
528,Why Are Things Unbalanced In Video Games?????,41883,778,210.0,45,0
529,New Channel?,101132,3399,296.0,12,0
530,"Youtube ""Freinds""",52086,1059,279.0,17,0
531,"Youtube Stat News - Vevo Gets 10 Bil. Views A Month, Channel Milestones, and more!",28313,1346,328.0,82,0
532,Big Changes??? Idk just watch the stupid video,28255,929,394.0,46,0
533,How Much Money Does DramaAlert Make????,28392,1116,92.0,39,0
534,L0114R - Biblical Creeper Post for Post @L0114R,27771,680,109.0,47,0
535,Why Do We Do Things That Are Bad For Us?????,28631,1083,204.0,44,0
536,How To Monetize Your Videos And Make Lots Of Youtube Money!!$$$,27763,903,623.0,63,1
537,DIY $23.00 Mini Sound Booth? Does It Work?,87574,1864,229.0,42,1
538,Cut Coms vs Uncut Coms,27946,801,159.0,22,0
539,Minimum Wage,40679,1064,119.0,12,0
540,My New Channel Trailer ;),39206,1172,77.0,25,0
541,Why I Changed My Channel Name,90535,2652,196.0,29,0
542,How Overpriced Is Movie Popcorn?????,28109,830,160.0,36,0
543,Screw Warface,28994,853,217.0,13,0
544,My Problems,44114,1512,247.0,11,0
545,Ma Channel,29376,1002,168.0,10,0
546,Remember When COD Was Fun?,28160,890,216.0,26,0
547,My Baby Got a Virus :(,50519,1211,175.0,22,0
548,Modern Art Is A Joke,31269,890,169.0,20,0
549,Cheat Channels,27964,796,214.0,14,0
550,Time,48119,1227,133.0,4,0
551,"2,000 Subscribers",190019,8842,145.0,17,0
552,Youtube,52737,1507,286.0,7,0
553,"How To SAT, Get Into Yale",29997,652,245.0,25,0
554,100k Subs With No Videos????,412615,8351,257.0,28,0
555,Is Jacksepticeye A Millionaire?????? 2016,121083,2548,190.0,41,0
556,How Rich Is Buzz Feed???,34691,701,205.0,24,0
557,How To Do A High School or College Paper!,49820,1132,236.0,41,0
558,What is Crohn's Disease?????,419248,16829,423.0,28,0
559,What Happens If You Get A Copy Right Strike??,146707,3969,232.0,45,0
560,5 Steps To Becoming Successful On Youtube,88233,4666,193.0,41,0
561,Making Youtube a Priority,35912,1120,196.0,25,0
562,Why I Was Not Uploading,33350,831,95.0,23,0
563,Youtubers Analytic's Explained,33701,920,217.0,30,0
564,How Much $$$ Does Every Member of FaZe Make COMBINED????? 2016,89112,1375,237.0,62,1
565,Is Pewdiepie The #2 Youtuber?!?!?  :0,50868,1244,235.0,37,0
566,How Much Money Does Smosh Make????? 2016,43885,885,167.0,40,0
567,Who Are The Worst Youtubers?????,145291,2929,216.0,32,0
568,Subscriber Goals For 2016,33262,968,248.0,25,0
569,How Many People Do Youtube as a JOB?????,27819,761,174.0,40,0
570,How Much Money Does Syndicate Project Make????? 2016,43751,671,204.0,52,0
571,Are Youtubers Millionaires?,100026,2146,195.0,27,0
572,Magecraft - Epic Hit! 11k Troops killed.,27851,713,233.0,40,0
573,Highest Paid Musicians????,61468,1261,288.0,26,0
574,Making Fun Of Youtuber's Intros.,283687,6931,114.0,32,0
575,10 Things You DIDN'T Know About Youtube!,39532,1061,181.0,40,0
576,Quitting?,89874,3592,226.0,9,0
577,How Much Money Does Markiplier Make????? 2016,74312,1498,154.0,45,0
578,PewDiePie Uploads A Fake Video! LOL,47792,1094,155.0,35,0
579,Pewdiepie Was On T.V.,97391,2865,149.0,21,0
580,Five Facts You Didn't Know About Youtube.,51143,1380,261.0,41,0
581,Milestones And Plans For My Channel,41764,1178,180.0,35,0
582,How Much Money Did Gangnam Style Earn??? 2016,60071,1358,144.0,45,0
583,Best League Player In The Universe.,295257,16719,215.0,35,0
584,MageCraft - Beginners tutorial. (The app),29925,729,527.0,41,0
585,How much money does VanossGaming Make? 2016,179746,3079,200.0,43,0
586,Opening Old Basketball Cards! Ep. #1 (Michael Jordan Found),92982,2410,267.0,59,0
587,20 Best Websites?????,82894,1966,404.0,21,0
588,"How Much Money Does ""Chris Smooth"" Make?????",37862,789,242.0,44,0
589,Money Problems,150323,3462,242.0,14,0
590,Vanoss vs Speedy! Who is better? Updated.,30759,917,225.0,41,0
591,Welcome To My Channel!,50368,1287,28.0,22,0
592,1500,174215,5950,143.0,4,0
593,How Much Money Does Yogscast Make????? 2016,31971,583,226.0,43,0
594,How Much Does WhiteBoy7thSt Make????? 2016,148795,1778,207.0,42,0
595,"How Much Does ""Epic Rap Battles"" Make?????",27849,700,200.0,42,0
596,How Much Money Does FaZe Make?????,27763,799,198.0,34,0
597,"Top Youtube ""ShoutOuts""",27799,1063,365.0,23,0
598,Youtube Dream,48710,1636,271.0,13,0
599,In Dis Video I Play Minecraft. (Factions),36157,1136,529.0,41,0
600,Youtube Grind,62025,1842,200.0,13,0
601,Hacker in Ghost???? I Couldn't Kill Him.,28564,930,36.0,40,0
602,How Much Money Does Tmartn Make?????,27866,830,157.0,36,0
603,How Much Money Does FaZe Rain Make?????,46145,932,215.0,39,0
604,G2g Brb,27914,975,180.0,7,0
605,Crazy Nub Tub Reactions! Bo2 Fun!,28067,883,220.0,33,0
606,Fun In COD. - Insane Reactions Lol,28004,882,229.0,34,0
607,Minecraft Build-off Fun!!!!!,45239,1360,213.0,28,0
608,This Kid Should Quit COD....,51891,1132,77.0,28,0
609,Computer vs Console My Perspective.,61514,1584,205.0,35,0
610,5 Youtubers I Think Will Be Famous...,152302,4303,264.0,37,0
611,How Much Does PewDiePie Make????? 2016,224344,4091,206.0,38,0
612,I Got Really Really Really Bored....,30158,964,52.0,36,0
613,How Much Money Does Penguinz0 Make????? 2016,66471,2570,175.0,44,0
614,How Much Money Does CaptainSparkles Make????? 2016,327953,4038,183.0,50,0
615,How Much Money Does Tobuscus Make?????,37402,906,142.0,38,0
616,COD IS NOT DEAD,45333,1642,202.0,15,0
617,Storm,138662,4704,181.0,5,0
618,Hearthstone - All Beards Challenge!,40684,1077,1433.0,35,0
619,Youtube ad.,281876,6551,38.0,11,0
620,Impossible,48804,1808,233.0,10,0
621,Motivation,50387,2094,174.0,10,0
622,1k Subs,16785186,1255883,195.0,7,0
623,Yup I is the best at the game.,151603,3340,430.0,30,0
624,Should I join FaZe?????,485364,11417,210.0,23,0
625,"Youtube Networks Requirerments. (Machinima, TGN, 8byte....)",54408,860,286.0,59,0
626,Two Years of Youtube.,242115,6420,271.0,21,0
627,"How Much Money Does ""Element Animation"" Make?????",101891,2134,209.0,49,0
628,"How Much Money Does ""Skydoesminecraft"" Make????",43432,1058,167.0,47,0
629,Should College Athletes Be Paid?????,49378,1315,276.0,36,0
630,"""Beast"" Channel Trailer",41321,1250,121.0,23,0
631,What It Takes To Be A Full Time Youtuber...,32282,1169,281.0,43,0
632,How Video Games Boosted My SAT Score. Lol,36553,1096,177.0,41,0
633,How Much Money Do I Make?????,107172,3662,250.0,29,0
634,Update,36462,1176,261.0,6,0
635,Subscribers.,66604,2247,180.0,12,0
636,How Much Money Does KyR's Speedy's Crew Make?????,71439,1463,174.0,49,0
637,How Many Youtubers Are Millionaries?????,265782,5711,233.0,40,0
638,"Flappy Bird - Builders Showdown, Which is Better?",71136,2076,85.0,49,0
639,New COD Zombies In 2014?????,51804,1510,151.0,28,0
640,Minecraft Mansion Timelapse,552866,18270,302.0,27,0
641,Top 5 NON-COPYRIGHTED Songs!!!!!,80969,2524,204.0,32,0
642,Vanoss vs Speedy! Which is better?,85053,2040,187.0,34,0
643,I Hate Pewdiepie!!!!!,2774627,224189,126.0,21,0
644,Does Spam Work?????,247622,4942,255.0,19,0
645,100th VIDEO SPECIAL!,253575,9958,284.0,20,0
646,The Vortex SMP Episode 1! Just Derping Around and Explaining Things.,73798,2419,1519.0,68,0
647,Has Youtube Met Its Match?????,52739,1410,164.0,30,0
648,How Much Money Does Pewdiepie Make????? (Updated 2015),1006853,19189,250.0,54,0
649,"Battle Pirates, my base.",40302,1181,176.0,24,0
650,"Battle Pirates, Hellstrike Base attack.",35668,1117,172.0,39,0
651,"Battle Pirates, Unstoppable Ship!",29868,1302,133.0,33,0
652,Best Hellstrike Build???? (Battle Pirates),29884,981,97.0,42,0
653,"Marauder Builds, Battle Pirates In Depth Builds.",29936,1297,186.0,48,0
654,"Battle pirates, How To Auto Lvl 40 Salvages.",32244,1222,78.0,44,0
655,Hellstrikes vs 7 halos!,41884,1134,96.0,23,0
656,"Battle Pirates, Hellstrike vs Epic Base!",35784,1179,58.0,40,0
657,"Battle Pirates, Another Hellstrike Fail.",35186,1214,57.0,40,0
658,Battle pirates Hellstrike fail!,35820,1164,47.0,31,0
659,"Battle Pirates, lvl 66 vs Missile Cruiser x Fleet!",38007,1160,84.0,50,0
660,"Battle Pirates, Hellstrike Too Overpowered????",37202,1169,160.0,46,0
661,"Battle Pirates, All Sentinel Base.",39067,1260,72.0,34,0
662,"Battle pirates, Lvl 58 Mercury Base Attack!",55248,1406,76.0,43,0
663,"Battle Pirates, Stingray vs Mercury Epic Battle!",38388,1393,66.0,48,0
664,OpTiC NaDeShOt Got Hack!!,45656,1494,165.0,25,0
665,"Epic Ghost Multiplayer EasterEggs! (PrisonBreak, Sovereign, and Flooded)",59001,2171,100.0,72,0
666,Why Google Does Not Care What We Think....,243910,4828,180.0,42,0
667,My First Kem Strike!,46580,2030,269.0,20,0
668,Google+ The Death Of Youtube?????,82498,2347,163.0,33,0
669,How Much Money Does PewDiePie Make?????,518975,11036,332.0,39,0
670,Most Overpowered Guns In Ghost!,64559,2451,160.0,31,0
671,Are Minecraft Faction Has A New Pet! (poopymiscquidlepants),63826,1903,15.0,59,0
672,Battle Pirates!,59328,2399,215.0,15,0
673,How To Duplicate Diamonds!!!!,113422,4570,37.0,29,0
674,50k Video Views!!!! EpicSauce!,175254,6801,103.0,30,0
675,If This Video Gets One Million Views.....,10850644,1027866,46.0,41,0
676,These Were The Good Days....,92825,3002,52.0,28,0
677,Channel Update.,94490,3049,162.0,15,0
678,Funny Noob Tubing Reaction Montage!,70807,2391,149.0,35,0
679,"Minecraft, How To Grief Without Being Seen!",112364,4186,63.0,43,0
680,Buried Round 50 Gameplay! Black ops 2 Zombies.,72767,2738,82.0,46,0
681,Minecraft Let's Play Ep. # 2 - Having Fun and Derping!,118912,5326,898.0,54,0
682,Worlds Biggest Ball Of TNT Minecraft!  Challenge Video!,398104,13943,105.0,55,0
683,"How To Get A Gaming Partnership, And What It Is.",51377,2248,409.0,48,0
684,Camping Montage.... LOL,58189,2311,200.0,23,0
685,Black Ops 2! Mini Update Video.,50040,2501,235.0,31,0
686,Randomness,50254,2593,318.0,10,0
687,203 Kill Game! Thanks For 300 Subscribers!,96565,4208,266.0,42,0
688,Call of Duty Ghost Multiplier Reveal Trailer Release Date!,59829,2490,230.0,58,0
689,Insane Black Ops 2 HACKER!!!!,141072,4215,359.0,29,0
690,Top Subscribed To Channels? BO2 w/ commentary!,64542,2892,338.0,46,0
691,Career Ender ....  LOL,84499,2741,26.0,22,0
692,I Bought A New Microphone!  (quality test),92263,3389,175.0,42,0
693,Top 10 Worst Guns in Call Of Duty History!,129012,5340,259.0,42,0
694,Black ops 2 Patch news!,73322,3141,233.0,23,0
695,Black ops 2 Invisible equipment and scorestreak glitch!,92307,3551,147.0,55,0
696,I'm Back! Update Video....,109816,4447,204.0,26,0
697,Minecraft Let's Play! Ep. 1. The Beginning!,495410,18815,1107.0,43,0
698,Channel Trailer....,159881,6698,48.0,19,0
699,Black ops 2 Shotgun gameplay w/ commentary....  Ps4 or Xbox?,152231,4657,362.0,60,0
700,Black ops 2 Gameplay w/ commentary. Hipsters,205324,8174,261.0,44,0
701,Project Zomboid Let's Play ep [04] lots of stuff,71673,3595,945.0,48,0
702,Project Zomboid Let's Play ep. [03] Looting and storing.,71530,3500,1474.0,56,0
703,Project Zomboid let's play ep. [02] Just some chores.,70903,3579,860.0,53,0
704,Project Zomboid Lets Play ep [01] Roughing it out!,119782,5105,1194.0,50,0
705,Gunpowder plus mod! (Grenade mod) Epic explosions for minecraft.,117781,4953,158.0,64,0
706,Horse racing map for new update! (minecraft),117506,4929,88.0,44,0
707,Amazing minecraft Cathedral!,237732,8837,58.0,28,0
708,Huge WW2 jeep! Minecraft creations.,341779,11989,64.0,35,0
709,Story time!,322855,13640,193.0,11,0
710,Epic Minecraft city! (w/ download link!),202721,7188,154.0,40,0
711,Pokemon online battle #9 [rb] Hidden power ice ftw!,98704,4865,319.0,51,0
712,Pokemon online battle #8 Stone edge,91935,5462,327.0,35,0
713,Online pokemon battle #7 [uu] 5-0,123294,6334,261.0,33,0
714,Magic karp sweeps whole team of LEGENDARIES!!!,106734,4986,215.0,46,0
715,Pokemon online battles #5 [uu] Heracross never seems to dissapoint me...,100684,5655,268.0,72,0
716,This is a detailed break down of my favorite UU team... ENJOY!,107139,5590,564.0,62,0
717,Pokemon online battle #4 [uu] Same old team,121255,0,279.0,43,0
718,Online pokemon battle #3 [uu] Ice punch,106066,0,205.0,39,0
719,Pokemon online battle #2 [uu] Herracross w/ Dat MOXIE BOOST,156590,0,169.0,59,0
720,Why I Haven't Been Uploading,501562,0,363.0,28,0
721,Most Epic Thing In Minecraft!?!?!?!?!?!!?????,255012,11421,273.0,45,0
722,Epic minecraft apartment complex!,295099,13499,53.0,33,0
723,Crazy Illulsions In Minecraft. (Bigre),445675,16835,155.0,38,0
724,Best Minecraft Castle Ever?,222043,12475,222.0,27,0
725,How to get unlimited diamonds! minecraft (x-ray),335916,16027,134.0,48,0
726,Drinks in minecraft (mod),314899,0,43.0,25,0
727,Emerald tool mod! (minecraft),306848,16048,49.0,29,0
728,This is a block? Since when lol.,497661,20764,52.0,32,0
729,Scary minecraft pig skin!,576897,22727,29.0,25,0
730,Most Epic minecraft skin EVER  (Psy),628977,26283,31.0,36,0
731,More birds IN MINECRAFT!!,743208,30976,126.0,25,0
732,Boxy item mod Minecraft.  EPIC,870011,36547,90.0,30,0
733,Harry Potter Mod In Minecraft! EPIC MUST SEE MOD!!!,3062369,0,239.0,51,0
734,Worst Minecraft Saw Trap Ever???,14505691,713175,157.0,32,0
